{
    "validation_top1_accuracy": 0.939,
    "validation_top5_accuracy": 0.994,
    "test_accuracy": 0.9339735894357744,
    "test_top5_accuracy": 1.0,
    "macro_precision": 0.9337534517301526,
    "macro_recall": 0.9194480997711464,
    "macro_f1": 0.9246301957507604,
    "weighted_f1": 0.9317809983827314,
    "binary_accuracy": 0.9867947178871549,
    "binary_precision": 0.9809415222458701,
    "binary_recall": 0.9731161891088911,
    "binary_f1": 0.9769746678627877,
    "test_image_count": 833
}